{"felipe": {"password": "123", "balance": 1.0999998980010123e+17, "bitcoin": 203985.58726184035}, "gede": {"password": "123", "balance": 0.0, "bitcoin": 0.0}}